x	t	u
50	0	0.600000
50	1	0.600000
50	2	0.600000
50	3	0.600000
50	4	0.600000
50	5	0.600000
50	6	0.600000
50	7	0.600000
50	8	0.600000
50	9	0.600000
50	10	0.600000
50	11	0.600000
50	12	0.600000
50	13	0.600000
50	14	0.600000
50	15	0.600000
50	16	0.600000
50	17	0.600000
50	18	0.600000
50	19	0.600000
50	20	0.600000
50	21	0.600000
50	22	0.600000
50	23	0.600000
50	24	0.600000
50	25	0.600000
50	26	0.600000
50	27	0.600000
50	28	0.600000
50	29	0.600000
50	30	0.600000
50	31	0.600000
50	32	0.600000
50	33	0.600000
50	34	0.600000
50	35	0.600000
50	36	0.600000
50	37	0.600000
50	38	0.600000
50	39	0.600000
50	40	0.600000
50	41	0.600000
50	42	0.600000
50	43	0.600000
50	44	0.600000
50	45	0.600000
50	46	0.600000
50	47	0.600000
50	48	0.600000
50	49	0.600000
50	50	0.600000
50	51	0.600000
50	52	0.600000
50	53	0.600000
50	54	0.600000
50	55	0.600000
50	56	0.600000
50	57	0.600000
50	58	0.600000
50	59	0.600000
50	50	0.600000
50	51	0.600000
50	52	0.600000
50	53	0.600000
50	54	0.600000
50	55	0.600000
50	56	0.600000
50	57	0.600000
50	58	0.600000
50	59	0.600000
50	60	0.600000
50	61	0.600000
50	62	0.600000
50	63	0.600000
50	64	0.600000
50	65	0.600000
50	66	0.600000
50	67	0.600000
50	68	0.600000
50	69	0.600000
50	70	0.600000
50	71	0.600000
50	72	0.600000
50	73	0.600000
50	74	0.600000
50	75	0.600000
50	76	0.600000
50	77	0.600000
50	78	0.600000
50	79	0.600000
50	80	0.600000
50	81	0.600000
50	82	0.600000
50	83	0.600000
50	84	0.600000
50	85	0.600000
50	86	0.600000
50	87	0.600000
50	88	0.600000
50	89	0.600000
50	90	0.600000
50	91	0.600000
50	92	0.600000
50	93	0.600000
50	94	0.600000
50	95	0.600000
50	96	0.600000
50	97	0.600000
50	98	0.600000
50	99	0.600000
50	100	0.600000
50	101	0.600000
50	102	0.600000
50	103	0.600000
50	104	0.600000
50	105	0.600000
50	106	0.600000
50	107	0.600000
50	108	0.600000
50	109	0.600000
50	100	0.600000
50	101	0.600000
50	102	0.600000
50	103	0.600000
50	104	0.600000
50	105	0.600000
50	106	0.600000
50	107	0.600000
50	108	0.600000
50	109	0.600000
50	110	0.600000
50	111	0.600000
50	112	0.600000
50	113	0.600000
50	114	0.600000
50	115	0.600000
50	116	0.600000
50	117	0.600000
50	118	0.600000
50	119	0.600000
50	120	0.600000
50	121	0.600000
50	122	0.600000
50	123	0.600000
50	124	0.600000
50	125	0.600000
50	126	0.600000
50	127	0.600000
50	128	0.600000
50	129	0.600000
50	130	0.600000
50	131	0.600000
50	132	0.600000
50	133	0.600000
50	134	0.600000
50	135	0.600000
50	136	0.600000
50	137	0.600000
50	138	0.600000
50	139	0.600000
50	140	0.600000
50	141	0.600000
50	142	0.600000
50	143	0.600000
50	144	0.600000
50	145	0.600000
50	146	0.600000
50	147	0.600000
50	148	0.600000
50	149	0.600000
50	150	0.600000
50	151	0.600000
50	152	0.600000
50	153	0.600000
50	154	0.600000
50	155	0.600000
50	156	0.600000
50	157	0.600000
50	158	0.600000
50	159	0.600000
50	150	0.600000
50	151	0.600000
50	152	0.600000
50	153	0.600000
50	154	0.600000
50	155	0.600000
50	156	0.600000
50	157	0.600000
50	158	0.600000
50	159	0.600000
50	160	0.600000
50	161	0.600000
50	162	0.600000
50	163	0.600000
50	164	0.600000
50	165	0.600000
50	166	0.600000
50	167	0.600000
50	168	0.600000
50	169	0.600000
50	170	0.600000
50	171	0.600000
50	172	0.600000
50	173	0.600000
50	174	0.600000
50	175	0.600000
50	176	0.600000
50	177	0.600000
50	178	0.600000
50	179	0.600000
50	180	0.600000
50	181	0.600000
50	182	0.600000
50	183	0.600000
50	184	0.600000
50	185	0.600000
50	186	0.600000
50	187	0.600000
50	188	0.600000
50	189	0.600000
50	190	0.600000
50	191	0.600000
50	192	0.600000
50	193	0.600000
50	194	0.600000
50	195	0.600000
50	196	0.600000
50	197	0.600000
50	198	0.600000
50	199	0.600000
50	200	0.600000
50	201	0.600000
50	202	0.600000
50	203	0.600000
50	204	0.600000
50	205	0.600000
50	206	0.600000
50	207	0.600000
50	208	0.600000
50	209	0.600000
50	200	0.600000
50	201	0.600000
50	202	0.600000
50	203	0.600000
50	204	0.600000
50	205	0.600000
50	206	0.600000
50	207	0.600000
50	208	0.600000
50	209	0.600000
50	210	0.600000
50	211	0.600000
50	212	0.600000
50	213	0.600000
50	214	0.600000
50	215	0.600000
50	216	0.600000
50	217	0.600000
50	218	0.600000
50	219	0.600000
50	220	0.600000
50	221	0.600000
50	222	0.600000
50	223	0.600000
50	224	0.600000
50	225	0.600000
50	226	0.600000
50	227	0.600000
50	228	0.600000
50	229	0.600000
50	230	0.600000
50	231	0.600000
50	232	0.600000
50	233	0.600000
50	234	0.600000
50	235	0.600000
50	236	0.600000
50	237	0.600000
50	238	0.600000
50	239	0.600000
50	240	0.600000
50	241	0.600000
50	242	0.600000
50	243	0.600000
50	244	0.600000
50	245	0.600000
50	246	0.600000
50	247	0.600000
50	248	0.600000
50	249	0.600000
50	250	0.600000
50	251	0.600000
50	252	0.600000
50	253	0.600000
50	254	0.600000
50	255	0.600000
50	256	0.600000
50	257	0.600000
50	258	0.600000
50	259	0.600000
50	250	0.600000
50	251	0.600000
50	252	0.600000
50	253	0.600000
50	254	0.600000
50	255	0.600000
50	256	0.600000
50	257	0.600000
50	258	0.600000
50	259	0.600000
50	260	0.600000
50	261	0.600000
50	262	0.600000
50	263	0.600000
50	264	0.600000
50	265	0.600000
50	266	0.600000
50	267	0.600000
50	268	0.600000
50	269	0.600000
50	270	0.600000
50	271	0.600000
50	272	0.600000
50	273	0.600000
50	274	0.600000
50	275	0.600000
50	276	0.600000
50	277	0.600000
50	278	0.600000
50	279	0.600000
50	280	0.600000
50	281	0.600000
50	282	0.600000
50	283	0.600000
50	284	0.600000
50	285	0.600000
50	286	0.600000
50	287	0.600000
50	288	0.600000
50	289	0.600000
50	290	0.600000
50	291	0.600000
50	292	0.600000
50	293	0.600000
50	294	0.600000
50	295	0.600000
50	296	0.600000
50	297	0.600000
50	298	0.600000
50	299	0.600000
50	300	0.600000
50	301	0.600000
50	302	0.600000
50	303	0.600000
50	304	0.600000
50	305	0.600000
50	306	0.600000
50	307	0.600000
50	308	0.600000
50	309	0.600000
50	300	0.600000
50	301	0.600000
50	302	0.600000
50	303	0.600000
50	304	0.600000
50	305	0.600000
50	306	0.600000
50	307	0.600000
50	308	0.600000
50	309	0.600000
50	310	0.600000
50	311	0.600000
50	312	0.600000
50	313	0.600000
50	314	0.600000
50	315	0.600000
50	316	0.600000
50	317	0.600000
50	318	0.600000
50	319	0.600000
50	320	0.600000
50	321	0.600000
50	322	0.600000
50	323	0.600000
50	324	0.600000
50	325	0.600000
50	326	0.600000
50	327	0.600000
50	328	0.600000
50	329	0.600000
50	330	0.600000
50	331	0.600000
50	332	0.600000
50	333	0.600000
50	334	0.600000
50	335	0.600000
50	336	0.600000
50	337	0.600000
50	338	0.600000
50	339	0.600000
50	340	0.600000
50	341	0.600000
50	342	0.600000
50	343	0.600000
50	344	0.600000
50	345	0.600000
50	346	0.600000
50	347	0.600000
50	348	0.600000
50	349	0.600000
50	350	0.600000
50	351	0.600000
50	352	0.600000
50	353	0.600000
50	354	0.600000
50	355	0.600000
50	356	0.600000
50	357	0.600000
50	358	0.600000
50	359	0.600000
50	350	0.600000
50	351	0.600000
50	352	0.600000
50	353	0.600000
50	354	0.600000
50	355	0.600000
50	356	0.600000
50	357	0.600000
50	358	0.600000
50	359	0.600000
50	360	0.600000
50	361	0.600000
50	362	0.600000
50	363	0.600000
50	364	0.600000
50	365	0.600000
50	366	0.600000
50	367	0.600000
50	368	0.600000
50	369	0.600000
50	370	0.600000
50	371	0.600000
50	372	0.600000
50	373	0.600000
50	374	0.600000
50	375	0.600000
50	376	0.600000
50	377	0.600000
50	378	0.600000
50	379	0.600000
50	380	0.600000
50	381	0.600000
50	382	0.600000
50	383	0.600000
50	384	0.600000
50	385	0.600000
50	386	0.600000
50	387	0.600000
50	388	0.600000
50	389	0.600000
50	390	0.600000
50	391	0.600000
50	392	0.600000
50	393	0.600000
50	394	0.600000
50	395	0.600000
50	396	0.600000
50	397	0.600000
50	398	0.600000
50	399	0.600000
50	400	0.600000
50	401	0.600000
50	402	0.600000
50	403	0.600000
50	404	0.600000
50	405	0.600000
50	406	0.600000
50	407	0.600000
50	408	0.600000
50	409	0.600000
50	400	0.600000
50	401	0.600000
50	402	0.600000
50	403	0.600000
50	404	0.600000
50	405	0.600000
50	406	0.600000
50	407	0.600000
50	408	0.600000
50	409	0.600000
50	410	0.600000
50	411	0.600000
50	412	0.600000
50	413	0.600000
50	414	0.600000
50	415	0.600000
50	416	0.600000
50	417	0.600000
50	418	0.600000
50	419	0.600000
50	420	0.600000
50	421	0.600000
50	422	0.600000
50	423	0.600000
50	424	0.600000
50	425	0.600000
50	426	0.600000
50	427	0.600000
50	428	0.600000
50	429	0.600000
50	430	0.600000
50	431	0.600000
50	432	0.600000
50	433	0.600000
50	434	0.600000
50	435	0.600000
50	436	0.600000
50	437	0.600000
50	438	0.600000
50	439	0.600000
50	440	0.600000
50	441	0.600000
50	442	0.600000
50	443	0.600000
50	444	0.600000
50	445	0.600000
50	446	0.600000
50	447	0.600000
50	448	0.600000
50	449	0.600000
50	450	0.600000
50	451	0.600000
50	452	0.600000
50	453	0.600000
50	454	0.600000
50	455	0.600000
50	456	0.600000
50	457	0.600000
50	458	0.600000
50	459	0.600000
50	450	0.600000
50	451	0.600000
50	452	0.600000
50	453	0.600000
50	454	0.600000
50	455	0.600000
50	456	0.600000
50	457	0.600000
50	458	0.600000
50	459	0.600000
50	460	0.600000
50	461	0.600000
50	462	0.600000
50	463	0.600000
50	464	0.600000
50	465	0.600000
50	466	0.600000
50	467	0.600000
50	468	0.600000
50	469	0.600000
50	470	0.600000
50	471	0.600000
50	472	0.600000
50	473	0.600000
50	474	0.600000
50	475	0.600000
50	476	0.600000
50	477	0.600000
50	478	0.600000
50	479	0.600000
50	480	0.600000
50	481	0.600000
50	482	0.600000
50	483	0.600000
50	484	0.600000
50	485	0.600000
50	486	0.600000
50	487	0.600000
50	488	0.600000
50	489	0.600000
50	490	0.600000
50	491	0.600000
50	492	0.600000
50	493	0.600000
50	494	0.600000
50	495	0.600000
50	496	0.600000
50	497	0.600000
50	498	0.600000
50	499	0.600000
50	500	0.600000
50	501	0.600000
50	502	0.600000
50	503	0.600000
50	504	0.600000
50	505	0.600000
50	506	0.600000
50	507	0.600000
50	508	0.600000
50	509	0.600000
50	500	0.600000
50	501	0.600000
50	502	0.600000
50	503	0.600000
50	504	0.600000
50	505	0.600000
50	506	0.600000
50	507	0.600000
50	508	0.600000
50	509	0.600000
50	510	0.600000
50	511	0.600000
50	512	0.600000
50	513	0.600000
50	514	0.600000
50	515	0.600000
50	516	0.600000
50	517	0.600000
50	518	0.600000
50	519	0.600000
50	520	0.600000
50	521	0.600000
50	522	0.600000
50	523	0.600000
50	524	0.600000
50	525	0.600000
50	526	0.600000
50	527	0.600000
50	528	0.600000
50	529	0.600000
50	530	0.600000
50	531	0.600000
50	532	0.600000
50	533	0.600000
50	534	0.600000
50	535	0.600000
50	536	0.600000
50	537	0.600000
50	538	0.600000
50	539	0.600000
50	540	0.600000
50	541	0.600000
50	542	0.600000
50	543	0.600000
50	544	0.600000
50	545	0.600000
50	546	0.600000
50	547	0.600000
50	548	0.600000
50	549	0.600000
50	550	0.600000
50	551	0.600000
50	552	0.600000
50	553	0.600000
50	554	0.600000
50	555	0.600000
50	556	0.600000
50	557	0.600000
50	558	0.600000
50	559	0.600000
50	550	0.600000
50	551	0.600000
50	552	0.600000
50	553	0.600000
50	554	0.600000
50	555	0.600000
50	556	0.600000
50	557	0.600000
50	558	0.600000
50	559	0.600000
50	560	0.600000
50	561	0.600000
50	562	0.600000
50	563	0.600000
50	564	0.600000
50	565	0.600000
50	566	0.600000
50	567	0.600000
50	568	0.600000
50	569	0.600000
50	570	0.600000
50	571	0.600000
50	572	0.600000
50	573	0.600000
50	574	0.600000
50	575	0.600000
50	576	0.600000
50	577	0.600000
50	578	0.600000
50	579	0.600000
50	580	0.600000
50	581	0.600000
50	582	0.600000
50	583	0.600000
50	584	0.600000
50	585	0.600000
50	586	0.600000
50	587	0.600000
50	588	0.600000
50	589	0.600000
50	590	0.600000
50	591	0.600000
50	592	0.600000
50	593	0.600000
50	594	0.600000
50	595	0.600000
50	596	0.600000
50	597	0.600000
50	598	0.600000
50	599	0.600000
50	600	0.600000
50	601	0.600000
50	602	0.600000
50	603	0.600000
50	604	0.600000
50	605	0.600000
50	606	0.600000
50	607	0.600000
50	608	0.600000
50	609	0.600000
50	600	0.600000
50	601	0.600000
50	602	0.600000
50	603	0.600000
50	604	0.600000
50	605	0.600000
50	606	0.600000
50	607	0.600000
50	608	0.600000
50	609	0.600000
50	610	0.600000
50	611	0.600000
50	612	0.600000
50	613	0.600000
50	614	0.600000
50	615	0.600000
50	616	0.600000
50	617	0.600000
50	618	0.600000
50	619	0.600000
50	620	0.600000
50	621	0.600000
50	622	0.600000
50	623	0.600000
50	624	0.600000
50	625	0.600000
50	626	0.600000
50	627	0.600000
50	628	0.600000
50	629	0.600000
50	630	0.600000
50	631	0.600000
50	632	0.600000
50	633	0.600000
50	634	0.600000
50	635	0.600000
50	636	0.600000
50	637	0.600000
50	638	0.600000
50	639	0.600000
50	640	0.600000
50	641	0.600000
50	642	0.600000
50	643	0.600000
50	644	0.600000
50	645	0.600000
50	646	0.600000
50	647	0.600000
50	648	0.600000
50	649	0.600000
50	650	0.600000
50	651	0.600000
50	652	0.600000
50	653	0.600000
50	654	0.600000
50	655	0.600000
50	656	0.600000
50	657	0.600000
50	658	0.600000
50	659	0.600000
50	650	0.600000
50	651	0.600000
50	652	0.600000
50	653	0.600000
50	654	0.600000
50	655	0.600000
50	656	0.600000
50	657	0.600000
50	658	0.600000
50	659	0.600000
50	660	0.600000
50	661	0.600000
50	662	0.600000
50	663	0.600000
50	664	0.600000
50	665	0.600000
50	666	0.600000
50	667	0.600000
50	668	0.600000
50	669	0.600000
50	670	0.600000
50	671	0.600000
50	672	0.600000
50	673	0.600000
50	674	0.600000
50	675	0.600000
50	676	0.600000
50	677	0.600000
50	678	0.600000
50	679	0.600000
50	680	0.600000
50	681	0.600000
50	682	0.600000
50	683	0.600000
50	684	0.600000
50	685	0.600000
50	686	0.600000
50	687	0.600000
50	688	0.600000
50	689	0.600000
50	690	0.600000
50	691	0.600000
50	692	0.600000
50	693	0.600000
50	694	0.600000
50	695	0.600000
50	696	0.600000
50	697	0.600000
50	698	0.600000
50	699	0.600000
50	700	0.600000
50	701	0.600000
50	702	0.600000
50	703	0.600000
50	704	0.600000
50	705	0.600000
50	706	0.600000
50	707	0.600000
50	708	0.600000
50	709	0.600000
50	700	0.600000
50	701	0.600000
50	702	0.600000
50	703	0.600000
50	704	0.600000
50	705	0.600000
50	706	0.600000
50	707	0.600000
50	708	0.600000
50	709	0.600000
50	710	0.600000
50	711	0.600000
50	712	0.600000
50	713	0.600000
50	714	0.600000
50	715	0.600000
50	716	0.600000
50	717	0.600000
50	718	0.600000
50	719	0.600000
50	720	0.600000
50	721	0.600000
50	722	0.600000
50	723	0.600000
50	724	0.600000
50	725	0.600000
50	726	0.600000
50	727	0.600000
50	728	0.600000
50	729	0.600000
50	730	0.600000
50	731	0.600000
50	732	0.600000
50	733	0.600000
50	734	0.600000
50	735	0.600000
50	736	0.600000
50	737	0.600000
50	738	0.600000
50	739	0.600000
50	740	0.600000
50	741	0.600000
50	742	0.600000
50	743	0.600000
50	744	0.600000
50	745	0.600000
50	746	0.600000
50	747	0.600000
50	748	0.600000
50	749	0.600000
50	750	0.600000
50	751	0.600000
50	752	0.600000
50	753	0.600000
50	754	0.600000
50	755	0.600000
50	756	0.600000
50	757	0.600000
50	758	0.600000
50	759	0.600000
50	750	0.600000
50	751	0.600000
50	752	0.600000
50	753	0.600000
50	754	0.600000
50	755	0.600000
50	756	0.600000
50	757	0.600000
50	758	0.600000
50	759	0.600000
50	760	0.600000
50	761	0.600000
50	762	0.600000
50	763	0.600000
50	764	0.600000
50	765	0.600000
50	766	0.600000
50	767	0.600000
50	768	0.600000
50	769	0.600000
50	770	0.600000
50	771	0.600000
50	772	0.600000
50	773	0.600000
50	774	0.600000
50	775	0.600000
50	776	0.600000
50	777	0.600000
50	778	0.600000
50	779	0.600000
50	780	0.600000
50	781	0.600000
50	782	0.600000
50	783	0.600000
50	784	0.600000
50	785	0.600000
50	786	0.600000
50	787	0.600000
50	788	0.600000
50	789	0.600000
50	790	0.600000
50	791	0.600000
50	792	0.600000
50	793	0.600000
50	794	0.600000
50	795	0.600000
50	796	0.600000
50	797	0.600000
50	798	0.600000
50	799	0.600000
50	800	0.600000
50	801	0.600000
50	802	0.600000
50	803	0.600000
50	804	0.600000
50	805	0.600000
50	806	0.600000
50	807	0.600000
50	808	0.600000
50	809	0.600000
50	800	0.600000
50	801	0.600000
50	802	0.600000
50	803	0.600000
50	804	0.600000
50	805	0.600000
50	806	0.600000
50	807	0.600000
50	808	0.600000
50	809	0.600000
50	810	0.600000
50	811	0.600000
50	812	0.600000
50	813	0.600000
50	814	0.600000
50	815	0.600000
50	816	0.600000
50	817	0.600000
50	818	0.600000
50	819	0.600000
50	820	0.600000
50	821	0.600000
50	822	0.600000
50	823	0.600000
50	824	0.600000
50	825	0.600000
50	826	0.600000
50	827	0.600000
50	828	0.600000
50	829	0.600000
50	830	0.600000
50	831	0.600000
50	832	0.600000
50	833	0.600000
50	834	0.600000
50	835	0.600000
50	836	0.600000
50	837	0.600000
50	838	0.600000
50	839	0.600000
50	840	0.600000
50	841	0.600000
50	842	0.600000
50	843	0.600000
50	844	0.600000
50	845	0.600000
50	846	0.600000
50	847	0.600000
50	848	0.600000
50	849	0.600000
50	850	0.600000
50	851	0.600000
50	852	0.600000
50	853	0.600000
50	854	0.600000
50	855	0.600000
50	856	0.600000
50	857	0.600000
50	858	0.600000
50	859	0.600000
50	850	0.600000
50	851	0.600000
50	852	0.600000
50	853	0.600000
50	854	0.600000
50	855	0.600000
50	856	0.600000
50	857	0.600000
50	858	0.600000
50	859	0.600000
50	860	0.600000
50	861	0.600000
50	862	0.600000
50	863	0.600000
50	864	0.600000
50	865	0.600000
50	866	0.600000
50	867	0.600000
50	868	0.600000
50	869	0.600000
50	870	0.600000
50	871	0.600000
50	872	0.600000
50	873	0.600000
50	874	0.600000
50	875	0.600000
50	876	0.600000
50	877	0.600000
50	878	0.600000
50	879	0.600000
50	880	0.600000
50	881	0.600000
50	882	0.600000
50	883	0.600000
50	884	0.600000
50	885	0.600000
50	886	0.600000
50	887	0.600000
50	888	0.600000
50	889	0.600000
50	890	0.600000
50	891	0.600000
50	892	0.600000
50	893	0.600000
50	894	0.600000
50	895	0.600000
50	896	0.600000
50	897	0.600000
50	898	0.600000
50	899	0.600000
50	900	0.600000
50	901	0.600000
50	902	0.600000
50	903	0.600000
50	904	0.600000
50	905	0.600000
50	906	0.600000
50	907	0.600000
50	908	0.600000
50	909	0.600000
50	900	0.600000
50	901	0.600000
50	902	0.600000
50	903	0.600000
50	904	0.600000
50	905	0.600000
50	906	0.600000
50	907	0.600000
50	908	0.600000
50	909	0.600000
50	910	0.600000
50	911	0.600000
50	912	0.600000
50	913	0.600000
50	914	0.600000
50	915	0.600000
50	916	0.600000
50	917	0.600000
50	918	0.600000
50	919	0.600000
50	920	0.600000
50	921	0.600000
50	922	0.600000
50	923	0.600000
50	924	0.600000
50	925	0.600000
50	926	0.600000
50	927	0.600000
50	928	0.600000
50	929	0.600000
50	930	0.600000
50	931	0.600000
50	932	0.600000
50	933	0.600000
50	934	0.600000
50	935	0.600000
50	936	0.600000
50	937	0.600000
50	938	0.600000
50	939	0.600000
50	940	0.600000
50	941	0.600000
50	942	0.600000
50	943	0.600000
50	944	0.600000
50	945	0.600000
50	946	0.600000
50	947	0.600000
50	948	0.600000
50	949	0.600000
50	950	0.600000
50	951	0.600000
50	952	0.600000
50	953	0.600000
50	954	0.600000
50	955	0.600000
50	956	0.600000
50	957	0.600000
50	958	0.600000
50	959	0.600000
50	950	0.600000
50	951	0.600000
50	952	0.600000
50	953	0.600000
50	954	0.600000
50	955	0.600000
50	956	0.600000
50	957	0.600000
50	958	0.600000
50	959	0.600000
50	960	0.600000
50	961	0.600000
50	962	0.600000
50	963	0.600000
50	964	0.600000
50	965	0.600000
50	966	0.600000
50	967	0.600000
50	968	0.600000
50	969	0.600000
50	970	0.600000
50	971	0.600000
50	972	0.600000
50	973	0.600000
50	974	0.600000
50	975	0.600000
50	976	0.600000
50	977	0.600000
50	978	0.600000
50	979	0.600000
50	980	0.600000
50	981	0.600000
50	982	0.600000
50	983	0.600000
50	984	0.600000
50	985	0.600000
50	986	0.600000
50	987	0.600000
50	988	0.600000
50	989	0.600000
50	990	0.600000
50	991	0.600000
50	992	0.600000
50	993	0.600000
50	994	0.600000
50	995	0.600000
50	996	0.600000
50	997	0.600000
50	998	0.600000
50	999	0.600000
50	1000	0.600000
50	1001	0.600000
50	1002	0.600000
50	1003	0.600000
50	1004	0.600000
50	1005	0.600000
50	1006	0.600000
50	1007	0.600000
50	1008	0.600000
50	1009	0.600000
50	1000	0.600000
50	1001	0.600000
50	1002	0.600000
50	1003	0.600000
50	1004	0.600000
50	1005	0.600000
50	1006	0.600000
50	1007	0.600000
50	1008	0.600000
50	1009	0.600000
50	1010	0.600000
50	1011	0.600000
50	1012	0.600000
50	1013	0.600000
50	1014	0.600000
50	1015	0.600000
50	1016	0.600000
50	1017	0.600000
50	1018	0.600000
50	1019	0.600000
50	1020	0.600000
50	1021	0.600000
50	1022	0.600000
50	1023	0.600000
50	1024	0.600000
50	1025	0.600000
50	1026	0.600000
50	1027	0.600000
50	1028	0.600000
50	1029	0.600000
50	1030	0.600000
50	1031	0.600000
50	1032	0.600000
50	1033	0.600000
50	1034	0.600000
50	1035	0.600000
50	1036	0.600000
50	1037	0.600000
50	1038	0.600000
50	1039	0.600000
50	1040	0.600000
50	1041	0.600000
50	1042	0.600000
50	1043	0.600000
50	1044	0.600000
50	1045	0.600000
50	1046	0.600000
50	1047	0.600000
50	1048	0.600000
50	1049	0.600000
50	1050	0.600000
50	1051	0.600000
50	1052	0.600000
50	1053	0.600000
50	1054	0.600000
50	1055	0.600000
50	1056	0.600000
50	1057	0.600000
50	1058	0.600000
50	1059	0.600000
50	1050	0.600000
50	1051	0.600000
50	1052	0.600000
50	1053	0.600000
50	1054	0.600000
50	1055	0.600000
50	1056	0.600000
50	1057	0.600000
50	1058	0.600000
50	1059	0.600000
50	1060	0.600000
50	1061	0.600000
50	1062	0.600000
50	1063	0.600000
50	1064	0.600000
50	1065	0.600000
50	1066	0.600000
50	1067	0.600000
50	1068	0.600000
50	1069	0.600000
50	1070	0.600000
50	1071	0.600000
50	1072	0.600000
50	1073	0.600000
50	1074	0.600000
50	1075	0.600000
50	1076	0.600000
50	1077	0.600000
50	1078	0.600000
50	1079	0.600000
50	1080	0.600000
50	1081	0.600000
50	1082	0.600000
50	1083	0.600000
50	1084	0.600000
50	1085	0.600000
50	1086	0.600000
50	1087	0.600000
50	1088	0.600000
50	1089	0.600000
50	1090	0.600000
50	1091	0.600000
50	1092	0.600000
50	1093	0.600000
50	1094	0.600000
50	1095	0.600000
50	1096	0.600000
50	1097	0.600000
50	1098	0.600000
50	1099	0.600000
50	1100	0.600000
50	1101	0.600000
50	1102	0.600000
50	1103	0.600000
50	1104	0.600000
50	1105	0.600000
50	1106	0.600000
50	1107	0.600000
50	1108	0.600000
50	1109	0.600000
50	1100	0.600000
50	1101	0.600000
50	1102	0.600000
50	1103	0.600000
50	1104	0.600000
50	1105	0.600000
50	1106	0.600000
50	1107	0.600000
50	1108	0.600000
50	1109	0.600000
50	1110	0.600000
50	1111	0.600000
50	1112	0.600000
50	1113	0.600000
50	1114	0.600000
50	1115	0.600000
50	1116	0.600000
50	1117	0.600000
50	1118	0.600000
50	1119	0.600000
50	1120	0.600000
50	1121	0.600000
50	1122	0.600000
50	1123	0.600000
50	1124	0.600000
50	1125	0.600000
50	1126	0.600000
50	1127	0.600000
50	1128	0.600000
50	1129	0.600000
50	1130	0.600000
50	1131	0.600000
50	1132	0.600000
50	1133	0.600000
50	1134	0.600000
50	1135	0.600000
50	1136	0.600000
50	1137	0.600000
50	1138	0.600000
50	1139	0.600000
50	1140	0.600000
50	1141	0.600000
50	1142	0.600000
50	1143	0.600000
50	1144	0.600000
50	1145	0.600000
50	1146	0.600000
50	1147	0.600000
50	1148	0.600000
50	1149	0.600000
50	1150	0.600000
50	1151	0.600000
50	1152	0.600000
50	1153	0.600000
50	1154	0.600000
50	1155	0.600000
50	1156	0.600000
50	1157	0.600000
50	1158	0.600000
50	1159	0.600000
50	1150	0.600000
50	1151	0.600000
50	1152	0.600000
50	1153	0.600000
50	1154	0.600000
50	1155	0.600000
50	1156	0.600000
50	1157	0.600000
50	1158	0.600000
50	1159	0.600000
50	1160	0.600000
50	1161	0.600000
50	1162	0.600000
50	1163	0.600000
50	1164	0.600000
50	1165	0.600000
50	1166	0.600000
50	1167	0.600000
50	1168	0.600000
50	1169	0.600000
50	1170	0.600000
50	1171	0.600000
50	1172	0.600000
50	1173	0.600000
50	1174	0.600000
50	1175	0.600000
50	1176	0.600000
50	1177	0.600000
50	1178	0.600000
50	1179	0.600000
50	1180	0.600000
50	1181	0.600000
50	1182	0.600000
50	1183	0.600000
50	1184	0.600000
50	1185	0.600000
50	1186	0.600000
50	1187	0.600000
50	1188	0.600000
50	1189	0.600000
50	1190	0.600000
50	1191	0.600000
50	1192	0.600000
50	1193	0.600000
50	1194	0.600000
50	1195	0.600000
50	1196	0.600000
50	1197	0.600000
50	1198	0.600000
50	1199	0.600000
50	1200	0.600000
50	1201	0.600000
50	1202	0.600000
50	1203	0.600000
50	1204	0.600000
50	1205	0.600000
50	1206	0.600000
50	1207	0.600000
50	1208	0.600000
50	1209	0.600000
50	1200	0.600000
50	1201	0.600000
50	1202	0.600000
50	1203	0.600000
50	1204	0.600000
50	1205	0.600000
50	1206	0.600000
50	1207	0.600000
50	1208	0.600000
50	1209	0.600000
50	1210	0.600000
50	1211	0.600000
50	1212	0.600000
50	1213	0.600000
50	1214	0.600000
50	1215	0.600000
50	1216	0.600000
50	1217	0.600000
50	1218	0.600000
50	1219	0.600000
50	1220	0.600000
50	1221	0.600000
50	1222	0.600000
50	1223	0.600000
50	1224	0.600000
50	1225	0.600000
50	1226	0.600000
50	1227	0.600000
50	1228	0.600000
50	1229	0.600000
50	1230	0.600000
50	1231	0.600000
50	1232	0.600000
50	1233	0.600000
50	1234	0.600000
50	1235	0.600000
50	1236	0.600000
50	1237	0.600000
50	1238	0.600000
50	1239	0.600000
50	1240	0.600000
50	1241	0.600000
50	1242	0.600000
50	1243	0.600000
50	1244	0.600000
50	1245	0.600000
50	1246	0.600000
50	1247	0.600000
50	1248	0.600000
50	1249	0.600000
50	1250	0.600000
50	1251	0.600000
50	1252	0.600000
50	1253	0.600000
50	1254	0.600000
50	1255	0.600000
50	1256	0.600000
50	1257	0.600000
50	1258	0.600000
50	1259	0.600000
50	1250	0.600000
50	1251	0.600000
50	1252	0.600000
50	1253	0.600000
50	1254	0.600000
50	1255	0.600000
50	1256	0.600000
50	1257	0.600000
50	1258	0.600000
50	1259	0.600000
50	1260	0.600000
50	1261	0.600000
50	1262	0.600000
50	1263	0.600000
50	1264	0.600000
50	1265	0.600000
50	1266	0.600000
50	1267	0.600000
50	1268	0.600000
50	1269	0.600000
50	1270	0.600000
50	1271	0.600000
50	1272	0.600000
50	1273	0.600000
50	1274	0.600000
50	1275	0.600000
50	1276	0.600000
50	1277	0.600000
50	1278	0.600000
50	1279	0.600000
50	1280	0.600000
50	1281	0.600000
50	1282	0.600000
50	1283	0.600000
50	1284	0.600000
50	1285	0.600000
50	1286	0.600000
50	1287	0.600000
50	1288	0.600000
50	1289	0.600000
50	1290	0.600000
50	1291	0.600000
50	1292	0.600000
50	1293	0.600000
50	1294	0.600000
50	1295	0.600000
50	1296	0.600000
50	1297	0.600000
50	1298	0.600000
50	1299	0.600000
50	1300	0.600000
50	1301	0.600000
50	1302	0.600000
50	1303	0.600000
50	1304	0.600000
50	1305	0.600000
50	1306	0.600000
50	1307	0.600000
50	1308	0.600000
50	1309	0.600000
50	1300	0.600000
50	1301	0.600000
50	1302	0.600000
50	1303	0.600000
50	1304	0.600000
50	1305	0.600000
50	1306	0.600000
50	1307	0.600000
50	1308	0.600000
50	1309	0.600000
50	1310	0.600000
50	1311	0.600000
50	1312	0.600000
50	1313	0.600000
50	1314	0.600000
50	1315	0.600000
50	1316	0.600000
50	1317	0.600000
50	1318	0.600000
50	1319	0.600000
50	1320	0.600000
50	1321	0.600000
50	1322	0.600000
50	1323	0.600000
50	1324	0.600000
50	1325	0.600000
50	1326	0.600000
50	1327	0.600000
50	1328	0.600000
50	1329	0.600000
50	1330	0.600000
50	1331	0.600000
50	1332	0.600000
50	1333	0.600000
50	1334	0.600000
50	1335	0.600000
50	1336	0.600000
50	1337	0.600000
50	1338	0.600000
50	1339	0.600000
50	1340	0.600000
50	1341	0.600000
50	1342	0.600000
50	1343	0.600000
50	1344	0.600000
50	1345	0.600000
50	1346	0.600000
50	1347	0.600000
50	1348	0.600000
50	1349	0.600000
50	1350	0.600000
50	1351	0.600000
50	1352	0.600000
50	1353	0.600000
50	1354	0.600000
50	1355	0.600000
50	1356	0.600000
50	1357	0.600000
50	1358	0.600000
50	1359	0.600000
50	1350	0.600000
50	1351	0.600000
50	1352	0.600000
50	1353	0.600000
50	1354	0.600000
50	1355	0.600000
50	1356	0.600000
50	1357	0.600000
50	1358	0.600000
50	1359	0.600000
50	1360	0.600000
50	1361	0.600000
50	1362	0.600000
50	1363	0.600000
50	1364	0.600000
50	1365	0.600000
50	1366	0.600000
50	1367	0.600000
50	1368	0.600000
50	1369	0.600000
50	1370	0.600000
50	1371	0.600000
50	1372	0.600000
50	1373	0.600000
50	1374	0.600000
50	1375	0.600000
50	1376	0.600000
50	1377	0.600000
50	1378	0.600000
50	1379	0.600000
50	1380	0.600000
50	1381	0.600000
50	1382	0.600000
50	1383	0.600000
50	1384	0.600000
50	1385	0.600000
50	1386	0.600000
50	1387	0.600000
50	1388	0.600000
50	1389	0.600000
50	1390	0.600000
50	1391	0.600000
50	1392	0.600000
50	1393	0.600000
50	1394	0.600000
50	1395	0.600000
50	1396	0.600000
50	1397	0.600000
50	1398	0.600000
50	1399	0.600000
50	1400	0.600000
50	1401	0.600000
50	1402	0.600000
50	1403	0.600000
50	1404	0.600000
50	1405	0.600000
50	1406	0.600000
50	1407	0.600000
50	1408	0.600000
50	1409	0.600000
50	1400	0.600000
50	1401	0.600000
50	1402	0.600000
50	1403	0.600000
50	1404	0.600000
50	1405	0.600000
50	1406	0.600000
50	1407	0.600000
50	1408	0.600000
50	1409	0.600000
50	1410	0.600000
50	1411	0.600000
50	1412	0.600000
50	1413	0.600000
50	1414	0.600000
50	1415	0.600000
50	1416	0.600000
50	1417	0.600000
50	1418	0.600000
50	1419	0.600000
50	1420	0.600000
50	1421	0.600000
50	1422	0.600000
50	1423	0.600000
50	1424	0.600000
50	1425	0.600000
50	1426	0.600000
50	1427	0.600000
50	1428	0.600000
50	1429	0.600000
50	1430	0.600000
50	1431	0.600000
50	1432	0.600000
50	1433	0.600000
50	1434	0.600000
50	1435	0.600000
50	1436	0.600000
50	1437	0.600000
50	1438	0.600000
50	1439	0.600000
50	1440	0.600000
50	1441	0.600000
50	1442	0.600000
50	1443	0.600000
50	1444	0.600000
50	1445	0.600000
50	1446	0.600000
50	1447	0.600000
50	1448	0.600000
50	1449	0.600000
50	1450	0.600000
50	1451	0.600000
50	1452	0.600000
50	1453	0.600000
50	1454	0.600000
50	1455	0.600000
50	1456	0.600000
50	1457	0.600000
50	1458	0.600000
50	1459	0.600000
50	1450	0.600000
50	1451	0.600000
50	1452	0.600000
50	1453	0.600000
50	1454	0.600000
50	1455	0.600000
50	1456	0.600000
50	1457	0.600000
50	1458	0.600000
50	1459	0.600000
50	1460	0.600000
50	1461	0.600000
50	1462	0.600000
50	1463	0.600000
50	1464	0.600000
50	1465	0.600000
50	1466	0.600000
50	1467	0.600000
50	1468	0.600000
50	1469	0.600000
50	1470	0.600000
50	1471	0.600000
50	1472	0.600000
50	1473	0.600000
50	1474	0.600000
50	1475	0.600000
50	1476	0.600000
50	1477	0.600000
50	1478	0.600000
50	1479	0.600000
50	1480	0.600000
50	1481	0.600000
50	1482	0.600000
50	1483	0.600000
50	1484	0.600000
50	1485	0.600000
50	1486	0.600000
50	1487	0.600000
50	1488	0.600000
50	1489	0.600000
50	1490	0.600000
50	1491	0.600000
50	1492	0.600000
50	1493	0.600000
50	1494	0.600000
50	1495	0.600000
50	1496	0.600000
50	1497	0.600000
50	1498	0.600000
50	1499	0.600000
50	1500	0.600000
50	1501	0.600000
50	1502	0.600000
50	1503	0.600000
50	1504	0.600000
50	1505	0.600000
50	1506	0.600000
50	1507	0.600000
50	1508	0.600000
50	1509	0.600000
50	1500	0.600000
50	1501	0.600000
50	1502	0.600000
50	1503	0.600000
50	1504	0.600000
50	1505	0.600000
50	1506	0.600000
50	1507	0.600000
50	1508	0.600000
50	1509	0.600000
50	1510	0.600000
50	1511	0.600000
50	1512	0.600000
50	1513	0.600000
50	1514	0.600000
50	1515	0.600000
50	1516	0.600000
50	1517	0.600000
50	1518	0.600000
50	1519	0.600000
50	1520	0.600000
50	1521	0.600000
50	1522	0.600000
50	1523	0.600000
50	1524	0.600000
50	1525	0.600000
50	1526	0.600000
50	1527	0.600000
50	1528	0.600000
50	1529	0.600000
50	1530	0.600000
50	1531	0.600000
50	1532	0.600000
50	1533	0.600000
50	1534	0.600000
50	1535	0.600000
50	1536	0.600000
50	1537	0.600000
50	1538	0.600000
50	1539	0.600000
50	1540	0.600000
50	1541	0.600000
50	1542	0.600000
50	1543	0.600000
50	1544	0.600000
50	1545	0.600000
50	1546	0.600000
50	1547	0.600000
50	1548	0.600000
50	1549	0.600000
50	1550	0.600000
50	1551	0.600000
50	1552	0.600000
50	1553	0.600000
50	1554	0.600000
50	1555	0.600000
50	1556	0.600000
50	1557	0.600000
50	1558	0.600000
50	1559	0.600000
50	1550	0.600000
50	1551	0.600000
50	1552	0.600000
50	1553	0.600000
50	1554	0.600000
50	1555	0.600000
50	1556	0.600000
50	1557	0.600000
50	1558	0.600000
50	1559	0.600000
50	1560	0.600000
50	1561	0.600000
50	1562	0.600000
50	1563	0.600000
50	1564	0.600000
50	1565	0.600000
50	1566	0.600000
50	1567	0.600000
50	1568	0.600000
50	1569	0.600000
50	1570	0.600000
50	1571	0.600000
50	1572	0.600000
50	1573	0.600000
50	1574	0.600000
50	1575	0.600000
50	1576	0.600000
50	1577	0.600000
50	1578	0.600000
50	1579	0.600000
50	1580	0.600000
50	1581	0.600000
50	1582	0.600000
50	1583	0.600000
50	1584	0.600000
50	1585	0.600000
50	1586	0.600000
50	1587	0.600000
50	1588	0.600000
50	1589	0.600000
50	1590	0.600000
50	1591	0.600000
50	1592	0.600000
50	1593	0.600000
50	1594	0.600000
50	1595	0.600000
50	1596	0.600000
50	1597	0.600000
50	1598	0.600000
50	1599	0.600000
50	1600	0.600000
50	1601	0.600000
50	1602	0.600000
50	1603	0.600000
50	1604	0.600000
50	1605	0.600000
50	1606	0.600000
50	1607	0.600000
50	1608	0.600000
50	1609	0.600000
50	1600	0.600000
50	1601	0.600000
50	1602	0.600000
50	1603	0.600000
50	1604	0.600000
50	1605	0.600000
50	1606	0.600000
50	1607	0.600000
50	1608	0.600000
50	1609	0.600000
50	1610	0.600000
50	1611	0.600000
50	1612	0.600000
50	1613	0.600000
50	1614	0.600000
50	1615	0.600000
50	1616	0.600000
50	1617	0.600000
50	1618	0.600000
50	1619	0.600000
50	1620	0.600000
50	1621	0.600000
50	1622	0.600000
50	1623	0.600000
50	1624	0.600000
50	1625	0.600000
50	1626	0.600000
50	1627	0.600000
50	1628	0.600000
50	1629	0.600000
50	1630	0.600000
50	1631	0.600000
50	1632	0.600000
50	1633	0.600000
50	1634	0.600000
50	1635	0.600000
50	1636	0.600000
50	1637	0.600000
50	1638	0.600000
50	1639	0.600000
50	1640	0.600000
50	1641	0.600000
50	1642	0.600000
50	1643	0.600000
50	1644	0.600000
50	1645	0.600000
50	1646	0.600000
50	1647	0.600000
50	1648	0.600000
50	1649	0.600000
50	1650	0.600000
50	1651	0.600000
50	1652	0.600000
50	1653	0.600000
50	1654	0.600000
50	1655	0.600000
50	1656	0.600000
50	1657	0.600000
50	1658	0.600000
50	1659	0.600000
50	1650	0.600000
50	1651	0.600000
50	1652	0.600000
50	1653	0.600000
50	1654	0.600000
50	1655	0.600000
50	1656	0.600000
50	1657	0.600000
50	1658	0.600000
50	1659	0.600000
50	1660	0.600000
50	1661	0.600000
50	1662	0.600000
50	1663	0.600000
50	1664	0.600000
50	1665	0.600000
50	1666	0.600000
50	1667	0.600000
50	1668	0.600000
50	1669	0.600000
50	1670	0.600000
50	1671	0.600000
50	1672	0.600000
50	1673	0.600000
50	1674	0.600000
50	1675	0.600000
50	1676	0.600000
50	1677	0.600000
50	1678	0.600000
50	1679	0.600000
50	1680	0.600000
50	1681	0.600000
50	1682	0.600000
50	1683	0.600000
50	1684	0.600000
50	1685	0.600000
50	1686	0.600000
50	1687	0.600000
50	1688	0.600000
50	1689	0.600000
50	1690	0.600000
50	1691	0.600000
50	1692	0.600000
50	1693	0.600000
50	1694	0.600000
50	1695	0.600000
50	1696	0.600000
50	1697	0.600000
50	1698	0.600000
50	1699	0.600000
50	1700	0.600000
50	1701	0.600000
50	1702	0.600000
50	1703	0.600000
50	1704	0.600000
50	1705	0.600000
50	1706	0.600000
50	1707	0.600000
50	1708	0.600000
50	1709	0.600000
50	1700	0.600000
50	1701	0.600000
50	1702	0.600000
50	1703	0.600000
50	1704	0.600000
50	1705	0.600000
50	1706	0.600000
50	1707	0.600000
50	1708	0.600000
50	1709	0.600000
50	1710	0.600000
50	1711	0.600000
50	1712	0.600000
50	1713	0.600000
50	1714	0.600000
50	1715	0.600000
50	1716	0.600000
50	1717	0.600000
50	1718	0.600000
50	1719	0.600000
50	1720	0.600000
50	1721	0.600000
50	1722	0.600000
50	1723	0.600000
50	1724	0.600000
50	1725	0.600000
50	1726	0.600000
50	1727	0.600000
50	1728	0.600000
50	1729	0.600000
50	1730	0.600000
50	1731	0.600000
50	1732	0.600000
50	1733	0.600000
50	1734	0.600000
50	1735	0.600000
50	1736	0.600000
50	1737	0.600000
50	1738	0.600000
50	1739	0.600000
50	1740	0.600000
50	1741	0.600000
50	1742	0.600000
50	1743	0.600000
50	1744	0.600000
50	1745	0.600000
50	1746	0.600000
50	1747	0.600000
50	1748	0.600000
50	1749	0.600000
50	1750	0.600000
50	1751	0.600000
50	1752	0.600000
50	1753	0.600000
50	1754	0.600000
50	1755	0.600000
50	1756	0.600000
50	1757	0.600000
50	1758	0.600000
50	1759	0.600000
50	1750	0.600000
50	1751	0.600000
50	1752	0.600000
50	1753	0.600000
50	1754	0.600000
50	1755	0.600000
50	1756	0.600000
50	1757	0.600000
50	1758	0.600000
50	1759	0.600000
50	1760	0.600000
50	1761	0.600000
50	1762	0.600000
50	1763	0.600000
50	1764	0.600000
50	1765	0.600000
50	1766	0.600000
50	1767	0.600000
50	1768	0.600000
50	1769	0.600000
50	1770	0.600000
50	1771	0.600000
50	1772	0.600000
50	1773	0.600000
50	1774	0.600000
50	1775	0.600000
50	1776	0.600000
50	1777	0.600000
50	1778	0.600000
50	1779	0.600000
50	1780	0.600000
50	1781	0.600000
50	1782	0.600000
50	1783	0.600000
50	1784	0.600000
50	1785	0.600000
50	1786	0.600000
50	1787	0.600000
50	1788	0.600000
50	1789	0.600000
50	1790	0.600000
50	1791	0.600000
50	1792	0.600000
50	1793	0.600000
50	1794	0.600000
50	1795	0.600000
50	1796	0.600000
50	1797	0.600000
50	1798	0.600000
50	1799	0.600000
50	1800	0.600000
50	1801	0.600000
50	1802	0.600000
50	1803	0.600000
50	1804	0.600000
50	1805	0.600000
50	1806	0.600000
50	1807	0.600000
50	1808	0.600000
50	1809	0.600000
50	1800	0.600000
50	1801	0.600000
50	1802	0.600000
50	1803	0.600000
50	1804	0.600000
50	1805	0.600000
50	1806	0.600000
50	1807	0.600000
50	1808	0.600000
50	1809	0.600000
50	1810	0.600000
50	1811	0.600000
50	1812	0.600000
50	1813	0.600000
50	1814	0.600000
50	1815	0.600000
50	1816	0.600000
50	1817	0.600000
50	1818	0.600000
50	1819	0.600000
50	1820	0.600000
50	1821	0.600000
50	1822	0.600000
50	1823	0.600000
50	1824	0.600000
50	1825	0.600000
50	1826	0.600000
50	1827	0.600000
50	1828	0.600000
50	1829	0.600000
50	1830	0.600000
50	1831	0.600000
50	1832	0.600000
50	1833	0.600000
50	1834	0.600000
50	1835	0.600000
50	1836	0.600000
50	1837	0.600000
50	1838	0.600000
50	1839	0.600000
50	1840	0.600000
50	1841	0.600000
50	1842	0.600000
50	1843	0.600000
50	1844	0.600000
50	1845	0.600000
50	1846	0.600000
50	1847	0.600000
50	1848	0.600000
50	1849	0.600000
50	1850	0.600000
50	1851	0.600000
50	1852	0.600000
50	1853	0.600000
50	1854	0.600000
50	1855	0.600000
50	1856	0.600000
50	1857	0.600000
50	1858	0.600000
50	1859	0.600000
50	1850	0.600000
50	1851	0.600000
50	1852	0.600000
50	1853	0.600000
50	1854	0.600000
50	1855	0.600000
50	1856	0.600000
50	1857	0.600000
50	1858	0.600000
50	1859	0.600000
50	1860	0.600000
50	1861	0.600000
50	1862	0.600000
50	1863	0.600000
50	1864	0.600000
50	1865	0.600000
50	1866	0.600000
50	1867	0.600000
50	1868	0.600000
50	1869	0.600000
50	1870	0.600000
50	1871	0.600000
50	1872	0.600000
50	1873	0.600000
50	1874	0.600000
50	1875	0.600000
50	1876	0.600000
50	1877	0.600000
50	1878	0.600000
50	1879	0.600000
50	1880	0.600000
50	1881	0.600000
50	1882	0.600000
50	1883	0.600000
50	1884	0.600000
50	1885	0.600000
50	1886	0.600000
50	1887	0.600000
50	1888	0.600000
50	1889	0.600000
50	1890	0.600000
50	1891	0.600000
50	1892	0.600000
50	1893	0.600000
50	1894	0.600000
50	1895	0.600000
50	1896	0.600000
50	1897	0.600000
50	1898	0.600000
50	1899	0.600000
50	1900	0.600000
50	1901	0.600000
50	1902	0.600000
50	1903	0.600000
50	1904	0.600000
50	1905	0.600000
50	1906	0.600000
50	1907	0.600000
50	1908	0.600000
50	1909	0.600000
50	1900	0.600000
50	1901	0.600000
50	1902	0.600000
50	1903	0.600000
50	1904	0.600000
50	1905	0.600000
50	1906	0.600000
50	1907	0.600000
50	1908	0.600000
50	1909	0.600000
50	1910	0.600000
50	1911	0.600000
50	1912	0.600000
50	1913	0.600000
50	1914	0.600000
50	1915	0.600000
50	1916	0.600000
50	1917	0.600000
50	1918	0.600000
50	1919	0.600000
50	1920	0.600000
50	1921	0.600000
50	1922	0.600000
50	1923	0.600000
50	1924	0.600000
50	1925	0.600000
50	1926	0.600000
50	1927	0.600000
50	1928	0.600000
50	1929	0.600000
50	1930	0.600000
50	1931	0.600000
50	1932	0.600000
50	1933	0.600000
50	1934	0.600000
50	1935	0.600000
50	1936	0.600000
50	1937	0.600000
50	1938	0.600000
50	1939	0.600000
50	1940	0.600000
50	1941	0.600000
50	1942	0.600000
50	1943	0.600000
50	1944	0.600000
50	1945	0.600000
50	1946	0.600000
50	1947	0.600000
50	1948	0.600000
50	1949	0.600000
50	1950	0.600000
50	1951	0.600000
50	1952	0.600000
50	1953	0.600000
50	1954	0.600000
50	1955	0.600000
50	1956	0.600000
50	1957	0.600000
50	1958	0.600000
50	1959	0.600000
50	1950	0.600000
50	1951	0.600000
50	1952	0.600000
50	1953	0.600000
50	1954	0.600000
50	1955	0.600000
50	1956	0.600000
50	1957	0.600000
50	1958	0.600000
50	1959	0.600000
50	1960	0.600000
50	1961	0.600000
50	1962	0.600000
50	1963	0.600000
50	1964	0.600000
50	1965	0.600000
50	1966	0.600000
50	1967	0.600000
50	1968	0.600000
50	1969	0.600000
50	1970	0.600000
50	1971	0.600000
50	1972	0.600000
50	1973	0.600000
50	1974	0.600000
50	1975	0.600000
50	1976	0.600000
50	1977	0.600000
50	1978	0.600000
50	1979	0.600000
50	1980	0.600000
50	1981	0.600000
50	1982	0.600000
50	1983	0.600000
50	1984	0.600000
50	1985	0.600000
50	1986	0.600000
50	1987	0.600000
50	1988	0.600000
50	1989	0.600000
50	1990	0.600000
50	1991	0.600000
50	1992	0.600000
50	1993	0.600000
50	1994	0.600000
50	1995	0.600000
50	1996	0.600000
50	1997	0.600000
50	1998	0.600000
50	1999	0.600000
50	2000	0.600000
50	2001	0.600000
50	2002	0.600000
50	2003	0.600000
50	2004	0.600000
50	2005	0.600000
50	2006	0.600000
50	2007	0.600000
50	2008	0.600000
50	2009	0.600000
50	2000	0.600000
50	2001	0.600000
50	2002	0.600000
50	2003	0.600000
50	2004	0.600000
50	2005	0.600000
50	2006	0.600000
50	2007	0.600000
50	2008	0.600000
50	2009	0.600000
50	2010	0.600000
50	2011	0.600000
50	2012	0.600000
50	2013	0.600000
50	2014	0.600000
50	2015	0.600000
50	2016	0.600000
50	2017	0.600000
50	2018	0.600000
50	2019	0.600000
50	2020	0.600000
50	2021	0.600000
50	2022	0.600000
50	2023	0.600000
50	2024	0.600000
50	2025	0.600000
50	2026	0.600000
50	2027	0.600000
50	2028	0.600000
50	2029	0.600000
50	2030	0.600000
50	2031	0.600000
50	2032	0.600000
50	2033	0.600000
50	2034	0.600000
50	2035	0.600000
50	2036	0.600000
50	2037	0.600000
50	2038	0.600000
50	2039	0.600000
50	2040	0.600000
50	2041	0.600000
50	2042	0.600000
50	2043	0.600000
50	2044	0.600000
50	2045	0.600000
50	2046	0.600000
50	2047	0.600000
50	2048	0.600000
50	2049	0.600000
50	2050	0.600000
50	2051	0.600000
50	2052	0.600000
50	2053	0.600000
50	2054	0.600000
50	2055	0.600000
50	2056	0.600000
50	2057	0.600000
50	2058	0.600000
50	2059	0.600000
50	2050	0.600000
50	2051	0.600000
50	2052	0.600000
50	2053	0.600000
50	2054	0.600000
50	2055	0.600000
50	2056	0.600000
50	2057	0.600000
50	2058	0.600000
50	2059	0.600000
50	2060	0.600000
50	2061	0.600000
50	2062	0.600000
50	2063	0.600000
50	2064	0.600000
50	2065	0.600000
50	2066	0.600000
50	2067	0.600000
50	2068	0.600000
50	2069	0.600000
50	2070	0.600000
50	2071	0.600000
50	2072	0.600000
50	2073	0.600000
50	2074	0.600000
50	2075	0.600000
50	2076	0.600000
50	2077	0.600000
50	2078	0.600000
50	2079	0.600000
50	2080	0.600000
50	2081	0.600000
50	2082	0.600000
50	2083	0.600000
50	2084	0.600000
50	2085	0.600000
50	2086	0.600000
50	2087	0.600000
50	2088	0.600000
50	2089	0.600000
50	2090	0.600000
50	2091	0.600000
50	2092	0.600000
50	2093	0.600000
50	2094	0.600000
50	2095	0.600000
50	2096	0.600000
50	2097	0.600000
50	2098	0.600000
50	2099	0.600000
50	2100	0.600000
50	2101	0.600000
50	2102	0.600000
50	2103	0.600000
50	2104	0.600000
50	2105	0.600000
50	2106	0.600000
50	2107	0.600000
50	2108	0.600000
50	2109	0.600000
50	2100	0.600000
50	2101	0.600000
50	2102	0.600000
50	2103	0.600000
50	2104	0.600000
50	2105	0.600000
50	2106	0.600000
50	2107	0.600000
50	2108	0.600000
50	2109	0.600000
50	2110	0.600000
50	2111	0.600000
50	2112	0.600000
50	2113	0.600000
50	2114	0.600000
50	2115	0.600000
50	2116	0.600000
50	2117	0.600000
50	2118	0.600000
50	2119	0.600000
50	2120	0.600000
50	2121	0.600000
50	2122	0.600000
50	2123	0.600000
50	2124	0.600000
50	2125	0.600000
50	2126	0.600000
50	2127	0.600000
50	2128	0.600000
50	2129	0.600000
50	2130	0.600000
50	2131	0.600000
50	2132	0.600000
50	2133	0.600000
50	2134	0.600000
50	2135	0.600000
50	2136	0.600000
50	2137	0.600000
50	2138	0.600000
50	2139	0.600000
50	2140	0.600000
50	2141	0.600000
50	2142	0.600000
50	2143	0.600000
50	2144	0.600000
50	2145	0.600000
50	2146	0.600000
50	2147	0.600000
50	2148	0.600000
50	2149	0.600000
50	2150	0.600000
50	2151	0.600000
50	2152	0.600000
50	2153	0.600000
50	2154	0.600000
50	2155	0.600000
50	2156	0.600000
50	2157	0.600000
50	2158	0.600000
50	2159	0.600000
50	2150	0.600000
50	2151	0.600000
50	2152	0.600000
50	2153	0.600000
50	2154	0.600000
50	2155	0.600000
50	2156	0.600000
50	2157	0.600000
50	2158	0.600000
50	2159	0.600000
50	2160	0.600000
50	2161	0.600000
50	2162	0.600000
50	2163	0.600000
50	2164	0.600000
50	2165	0.600000
50	2166	0.600000
50	2167	0.600000
50	2168	0.600000
50	2169	0.600000
50	2170	0.600000
50	2171	0.600000
50	2172	0.600000
50	2173	0.600000
50	2174	0.600000
50	2175	0.600000
50	2176	0.600000
50	2177	0.600000
50	2178	0.600000
50	2179	0.600000
50	2180	0.600000
50	2181	0.600000
50	2182	0.600000
50	2183	0.600000
50	2184	0.600000
50	2185	0.600000
50	2186	0.600000
50	2187	0.600000
50	2188	0.600000
50	2189	0.600000
50	2190	0.600000
50	2191	0.600000
50	2192	0.600000
50	2193	0.600000
50	2194	0.600000
50	2195	0.600000
50	2196	0.600000
50	2197	0.600000
50	2198	0.600000
50	2199	0.600000
50	2200	0.600000
50	2201	0.600000
50	2202	0.600000
50	2203	0.600000
50	2204	0.600000
50	2205	0.600000
50	2206	0.600000
50	2207	0.600000
50	2208	0.600000
50	2209	0.600000
50	2200	0.600000
50	2201	0.600000
50	2202	0.600000
50	2203	0.600000
50	2204	0.600000
50	2205	0.600000
50	2206	0.600000
50	2207	0.600000
50	2208	0.600000
50	2209	0.600000
50	2210	0.600000
50	2211	0.600000
50	2212	0.600000
50	2213	0.600000
50	2214	0.600000
50	2215	0.600000
50	2216	0.600000
50	2217	0.600000
50	2218	0.600000
50	2219	0.600000
50	2220	0.600000
50	2221	0.600000
50	2222	0.600000
50	2223	0.600000
50	2224	0.600000
50	2225	0.600000
50	2226	0.600000
50	2227	0.600000
50	2228	0.600000
50	2229	0.600000
50	2230	0.600000
50	2231	0.600000
50	2232	0.600000
50	2233	0.600000
50	2234	0.600000
50	2235	0.600000
50	2236	0.600000
50	2237	0.600000
50	2238	0.600000
50	2239	0.600000
50	2240	0.600000
50	2241	0.600000
50	2242	0.600000
50	2243	0.600000
50	2244	0.600000
50	2245	0.600000
50	2246	0.600000
50	2247	0.600000
50	2248	0.600000
50	2249	0.600000
50	2250	0.600000
50	2251	0.600000
50	2252	0.600000
50	2253	0.600000
50	2254	0.600000
50	2255	0.600000
50	2256	0.600000
50	2257	0.600000
50	2258	0.600000
50	2259	0.600000
50	2250	0.600000
50	2251	0.600000
50	2252	0.600000
50	2253	0.600000
50	2254	0.600000
50	2255	0.600000
50	2256	0.600000
50	2257	0.600000
50	2258	0.600000
50	2259	0.600000
50	2260	0.600000
50	2261	0.600000
50	2262	0.600000
50	2263	0.600000
50	2264	0.600000
50	2265	0.600000
50	2266	0.600000
50	2267	0.600000
50	2268	0.600000
50	2269	0.600000
50	2270	0.600000
50	2271	0.600000
50	2272	0.600000
50	2273	0.600000
50	2274	0.600000
50	2275	0.600000
50	2276	0.600000
50	2277	0.600000
50	2278	0.600000
50	2279	0.600000
50	2280	0.600000
50	2281	0.600000
50	2282	0.600000
50	2283	0.600000
50	2284	0.600000
50	2285	0.600000
50	2286	0.600000
50	2287	0.600000
50	2288	0.600000
50	2289	0.600000
50	2290	0.600000
50	2291	0.600000
50	2292	0.600000
50	2293	0.600000
50	2294	0.600000
50	2295	0.600000
50	2296	0.600000
50	2297	0.600000
50	2298	0.600000
50	2299	0.600000
50	2300	0.600000
50	2301	0.600000
50	2302	0.600000
50	2303	0.600000
50	2304	0.600000
50	2305	0.600000
50	2306	0.600000
50	2307	0.600000
50	2308	0.600000
50	2309	0.600000
50	2300	0.600000
50	2301	0.600000
50	2302	0.600000
50	2303	0.600000
50	2304	0.600000
50	2305	0.600000
50	2306	0.600000
50	2307	0.600000
50	2308	0.600000
50	2309	0.600000
50	2310	0.600000
50	2311	0.600000
50	2312	0.600000
50	2313	0.600000
50	2314	0.600000
50	2315	0.600000
50	2316	0.600000
50	2317	0.600000
50	2318	0.600000
50	2319	0.600000
50	2320	0.600000
50	2321	0.600000
50	2322	0.600000
50	2323	0.600000
50	2324	0.600000
50	2325	0.600000
50	2326	0.600000
50	2327	0.600000
50	2328	0.600000
50	2329	0.600000
50	2330	0.600000
50	2331	0.600000
50	2332	0.600000
50	2333	0.600000
50	2334	0.600000
50	2335	0.600000
50	2336	0.600000
50	2337	0.600000
50	2338	0.600000
50	2339	0.600000
50	2340	0.600000
50	2341	0.600000
50	2342	0.600000
50	2343	0.600000
50	2344	0.600000
50	2345	0.600000
50	2346	0.600000
50	2347	0.600000
50	2348	0.600000
50	2349	0.600000
50	2350	0.600000
50	2351	0.600000
50	2352	0.600000
50	2353	0.600000
50	2354	0.600000
50	2355	0.600000
50	2356	0.600000
50	2357	0.600000
50	2358	0.600000
50	2359	0.600000
50	2350	0.600000
50	2351	0.600000
50	2352	0.600000
50	2353	0.600000
50	2354	0.600000
50	2355	0.600000
50	2356	0.600000
50	2357	0.600000
50	2358	0.600000
50	2359	0.600000
50	2360	0.600000
50	2361	0.600000
50	2362	0.600000
50	2363	0.600000
50	2364	0.600000
50	2365	0.600000
50	2366	0.600000
50	2367	0.600000
50	2368	0.600000
50	2369	0.600000
50	2370	0.600000
50	2371	0.600000
50	2372	0.600000
50	2373	0.600000
50	2374	0.600000
50	2375	0.600000
50	2376	0.600000
50	2377	0.600000
50	2378	0.600000
50	2379	0.600000
50	2380	0.600000
50	2381	0.600000
50	2382	0.600000
50	2383	0.600000
50	2384	0.600000
50	2385	0.600000
50	2386	0.600000
50	2387	0.600000
50	2388	0.600000
50	2389	0.600000
50	2390	0.600000
50	2391	0.600000
50	2392	0.600000
50	2393	0.600000
50	2394	0.600000
50	2395	0.600000
50	2396	0.600000
50	2397	0.600000
50	2398	0.600000
50	2399	0.600000
50	2400	0.600000
50	2401	0.600000
50	2402	0.600000
50	2403	0.600000
50	2404	0.600000
50	2405	0.600000
50	2406	0.600000
50	2407	0.600000
50	2408	0.600000
50	2409	0.600000
50	2400	0.600000
50	2401	0.600000
50	2402	0.600000
50	2403	0.600000
50	2404	0.600000
50	2405	0.600000
50	2406	0.600000
50	2407	0.600000
50	2408	0.600000
50	2409	0.600000
50	2410	0.600000
50	2411	0.600000
50	2412	0.600000
50	2413	0.600000
50	2414	0.600000
50	2415	0.600000
50	2416	0.600000
50	2417	0.600000
50	2418	0.600000
50	2419	0.600000
50	2420	0.600000
50	2421	0.600000
50	2422	0.600000
50	2423	0.600000
50	2424	0.600000
50	2425	0.600000
50	2426	0.600000
50	2427	0.600000
50	2428	0.600000
50	2429	0.600000
50	2430	0.600000
50	2431	0.600000
50	2432	0.600000
50	2433	0.600000
50	2434	0.600000
50	2435	0.600000
50	2436	0.600000
50	2437	0.600000
50	2438	0.600000
50	2439	0.600000
50	2440	0.600000
50	2441	0.600000
50	2442	0.600000
50	2443	0.600000
50	2444	0.600000
50	2445	0.600000
50	2446	0.600000
50	2447	0.600000
50	2448	0.600000
50	2449	0.600000
50	2450	0.600000
50	2451	0.600000
50	2452	0.600000
50	2453	0.600000
50	2454	0.600000
50	2455	0.600000
50	2456	0.600000
50	2457	0.600000
50	2458	0.600000
50	2459	0.600000
50	2450	0.600000
50	2451	0.600000
50	2452	0.600000
50	2453	0.600000
50	2454	0.600000
50	2455	0.600000
50	2456	0.600000
50	2457	0.600000
50	2458	0.600000
50	2459	0.600000
50	2460	0.600000
50	2461	0.600000
50	2462	0.600000
50	2463	0.600000
50	2464	0.600000
50	2465	0.600000
50	2466	0.600000
50	2467	0.600000
50	2468	0.600000
50	2469	0.600000
50	2470	0.600000
50	2471	0.600000
50	2472	0.600000
50	2473	0.600000
50	2474	0.600000
50	2475	0.600000
50	2476	0.600000
50	2477	0.600000
50	2478	0.600000
50	2479	0.600000
50	2480	0.600000
50	2481	0.600000
50	2482	0.600000
50	2483	0.600000
50	2484	0.600000
50	2485	0.600000
50	2486	0.600000
50	2487	0.600000
50	2488	0.600000
50	2489	0.600000
50	2490	0.600000
50	2491	0.600000
50	2492	0.600000
50	2493	0.600000
50	2494	0.600000
50	2495	0.600000
50	2496	0.600000
50	2497	0.600000
50	2498	0.600000
50	2499	0.600000
50	2500	0.600000
50	2501	0.600000
50	2502	0.600000
50	2503	0.600000
50	2504	0.600000
50	2505	0.600000
50	2506	0.600000
50	2507	0.600000
50	2508	0.600000
50	2509	0.600000
